video-id,glance
Abuse001_x264,299
Abuse001_x264,1047
Abuse001_x264,1836
Abuse001_x264,2339
Abuse002_x264,86
Abuse003_x264,1016
Abuse003_x264,1829
Abuse003_x264,2162
Abuse004_x264,1007
Abuse004_x264,14853
Abuse005_x264,28
Abuse005_x264,755
Abuse005_x264,840
Abuse006_x264,502
Abuse006_x264,1397
Abuse007_x264,96
Abuse007_x264,426
Abuse007_x264,687
Abuse008_x264,4704
Abuse008_x264,7224
Abuse009_x264,471
Abuse009_x264,753
Abuse010_x264,207
Abuse010_x264,632
Abuse010_x264,951
Abuse011_x264,1035
Abuse011_x264,1398
Abuse011_x264,2070
Abuse011_x264,2524
Abuse012_x264,486
Abuse012_x264,2995
Abuse013_x264,3575
Abuse013_x264,4474
Abuse014_x264,1300
Abuse015_x264,3030
Abuse015_x264,5864
Abuse016_x264,744
Abuse017_x264,1256
Abuse018_x264,1715
Abuse018_x264,1896
Abuse019_x264,118
Abuse019_x264,610
Abuse019_x264,1535
Abuse019_x264,2027
Abuse020_x264,1960
Abuse020_x264,2316
Abuse020_x264,2640
Abuse021_x264,875
Abuse021_x264,1132
Abuse021_x264,1266
Abuse022_x264,239
Abuse022_x264,1182
Abuse022_x264,1422
Abuse022_x264,1788
Abuse022_x264,2013
Abuse023_x264,224
Abuse023_x264,351
Abuse023_x264,780
Abuse023_x264,922
Abuse024_x264,131
Abuse024_x264,458
Abuse024_x264,645
Abuse025_x264,594
Abuse025_x264,1149
Abuse025_x264,1532
Abuse025_x264,1733
Abuse026_x264,208
Abuse026_x264,515
Abuse026_x264,1815
Abuse027_x264,2467
Abuse029_x264,10
Abuse029_x264,247
Abuse031_x264,620
Abuse031_x264,2481
Abuse031_x264,3678
Abuse031_x264,4033
Abuse032_x264,663
Abuse032_x264,1704
Abuse033_x264,1013
Abuse033_x264,1436
Abuse033_x264,1816
Abuse033_x264,2112
Abuse034_x264,931
Abuse035_x264,712
Abuse035_x264,1425
Abuse035_x264,1702
Abuse035_x264,1993
Abuse036_x264,2672
Abuse037_x264,412
Abuse037_x264,689
Abuse037_x264,913
Abuse037_x264,1612
Abuse038_x264,426
Abuse038_x264,761
Abuse039_x264,11598
Abuse040_x264,511
Abuse040_x264,3050
Abuse041_x264,495
Abuse041_x264,591
Abuse042_x264,5123
Abuse043_x264,462
Abuse043_x264,2448
Abuse044_x264,98
Abuse044_x264,649
Abuse044_x264,1574
Abuse044_x264,2027
Abuse044_x264,3247
Abuse045_x264,177
Abuse046_x264,172
Abuse046_x264,305
Abuse046_x264,604
Abuse046_x264,1019
Abuse047_x264,1257
Abuse048_x264,715
Abuse048_x264,1652
Abuse049_x264,244
Abuse049_x264,680
Abuse049_x264,1170
Abuse049_x264,1596
Abuse050_x264,460
Abuse050_x264,2351
Abuse050_x264,4484
Arrest002_x264,284
Arrest002_x264,1482
Arrest003_x264,744
Arrest003_x264,2219
Arrest004_x264,774
Arrest004_x264,2682
Arrest004_x264,3078
Arrest004_x264,3420
Arrest005_x264,276
Arrest005_x264,1453
Arrest005_x264,1913
Arrest005_x264,2741
Arrest006_x264,1435
Arrest008_x264,5043
Arrest009_x264,950
Arrest009_x264,1181
Arrest009_x264,1438
Arrest009_x264,1626
Arrest010_x264,286
Arrest011_x264,386
Arrest011_x264,1159
Arrest011_x264,1545
Arrest011_x264,1887
Arrest012_x264,5332
Arrest012_x264,7433
Arrest012_x264,8726
Arrest013_x264,204
Arrest013_x264,386
Arrest013_x264,684
Arrest014_x264,0
Arrest015_x264,190
Arrest015_x264,307
Arrest016_x264,4706
Arrest016_x264,5658
Arrest016_x264,8672
Arrest017_x264,547
Arrest017_x264,1010
Arrest018_x264,1398
Arrest019_x264,104
Arrest019_x264,278
Arrest019_x264,535
Arrest020_x264,1215
Arrest020_x264,2752
Arrest021_x264,1264
Arrest021_x264,5362
Arrest021_x264,6278
Arrest021_x264,7891
Arrest022_x264,388
Arrest022_x264,760
Arrest022_x264,982
Arrest022_x264,1338
Arrest023_x264,80
Arrest023_x264,1317
Arrest023_x264,1576
Arrest025_x264,533
Arrest025_x264,607
Arrest025_x264,723
Arrest025_x264,892
Arrest026_x264,680
Arrest026_x264,1522
Arrest026_x264,2170
Arrest026_x264,3110
Arrest026_x264,5572
Arrest027_x264,619
Arrest027_x264,1339
Arrest028_x264,855
Arrest028_x264,1351
Arrest028_x264,2194
Arrest029_x264,2095
Arrest029_x264,5742
Arrest031_x264,975
Arrest031_x264,1665
Arrest032_x264,134
Arrest032_x264,756
Arrest032_x264,1276
Arrest032_x264,1503
Arrest033_x264,503
Arrest033_x264,2749
Arrest033_x264,5188
Arrest034_x264,406
Arrest034_x264,4820
Arrest034_x264,10977
Arrest035_x264,4848
Arrest035_x264,5496
Arrest036_x264,956
Arrest036_x264,2676
Arrest037_x264,234
Arrest038_x264,76
Arrest038_x264,602
Arrest040_x264,897
Arrest040_x264,1100
Arrest040_x264,1223
Arrest040_x264,1592
Arrest041_x264,595
Arrest041_x264,1689
Arrest041_x264,2803
Arrest041_x264,3110
Arrest042_x264,403
Arrest042_x264,974
Arrest042_x264,1267
Arrest043_x264,2749
Arrest044_x264,528
Arrest044_x264,1482
Arrest046_x264,590
Arrest046_x264,4644
Arrest046_x264,5746
Arrest047_x264,53282
Arrest047_x264,59587
Arrest048_x264,1239
Arrest048_x264,1828
Arrest048_x264,2316
Arrest048_x264,3779
Arrest049_x264,176
Arrest049_x264,3360
Arrest049_x264,8785
Arrest050_x264,1740
Arrest050_x264,3232
Arrest050_x264,5256
Arrest050_x264,5860
Arrest051_x264,7171
Arrest051_x264,10083
Arson001_x264,2067
Arson001_x264,3027
Arson002_x264,3080
Arson003_x264,1540
Arson003_x264,2440
Arson003_x264,3560
Arson005_x264,712
Arson005_x264,934
Arson006_x264,868
Arson006_x264,1512
Arson006_x264,2506
Arson008_x264,425
Arson008_x264,936
Arson012_x264,334
Arson012_x264,607
Arson013_x264,5444
Arson014_x264,1180
Arson015_x264,6850
Arson015_x264,9763
Arson017_x264,722
Arson019_x264,37330
Arson019_x264,62006
Arson019_x264,85417
Arson020_x264,1473
Arson020_x264,1630
Arson021_x264,1224
Arson023_x264,1290
Arson024_x264,1612
Arson024_x264,2436
Arson024_x264,3007
Arson025_x264,1821
Arson025_x264,2481
Arson025_x264,3986
Arson025_x264,4461
Arson026_x264,1030
Arson026_x264,3150
Arson026_x264,4003
Arson027_x264,1276
Arson027_x264,2338
Arson028_x264,1920
Arson029_x264,860
Arson029_x264,981
Arson029_x264,1128
Arson030_x264,1310
Arson030_x264,3150
Arson030_x264,4158
Arson031_x264,230
Arson031_x264,748
Arson031_x264,1324
Arson031_x264,2592
Arson032_x264,442
Arson032_x264,747
Arson032_x264,968
Arson032_x264,1826
Arson034_x264,452
Arson034_x264,834
Arson034_x264,1227
Arson036_x264,478
Arson036_x264,697
Arson036_x264,1117
Arson036_x264,1596
Arson037_x264,412
Arson037_x264,560
Arson038_x264,143
Arson038_x264,220
Arson039_x264,436
Arson039_x264,1075
Arson039_x264,2755
Arson040_x264,396
Arson040_x264,1472
Arson040_x264,1925
Arson040_x264,2421
Arson040_x264,2732
Arson042_x264,5549
Arson044_x264,1012
Arson045_x264,393
Arson045_x264,2489
Arson045_x264,3538
Arson046_x264,144
Arson046_x264,516
Arson047_x264,280
Arson047_x264,1324
Arson048_x264,222
Arson048_x264,266
Arson049_x264,97
Arson049_x264,151
Arson050_x264,148
Arson050_x264,572
Arson050_x264,987
Arson051_x264,68
Arson051_x264,644
Arson051_x264,828
Arson051_x264,976
Arson052_x264,1306
Arson052_x264,3112
Arson053_x264,947
Arson053_x264,1692
Arson053_x264,5143
Arson053_x264,6395
Assault001_x264,235
Assault001_x264,520
Assault001_x264,793
Assault001_x264,1004
Assault001_x264,1884
Assault002_x264,87
Assault002_x264,389
Assault002_x264,1620
Assault003_x264,1152
Assault003_x264,1529
Assault003_x264,3346
Assault003_x264,3678
Assault004_x264,803
Assault004_x264,1913
Assault005_x264,528
Assault005_x264,674
Assault005_x264,741
Assault005_x264,936
Assault005_x264,1033
Assault007_x264,677
Assault007_x264,1142
Assault007_x264,1839
Assault008_x264,977
Assault008_x264,4324
Assault008_x264,5188
Assault008_x264,5978
Assault009_x264,161
Assault009_x264,501
Assault009_x264,824
Assault009_x264,1451
Assault009_x264,2383
Assault009_x264,3010
Assault012_x264,318
Assault012_x264,549
Assault012_x264,737
Assault013_x264,722
Assault013_x264,1799
Assault013_x264,2178
Assault014_x264,199
Assault014_x264,1313
Assault014_x264,1608
Assault015_x264,176
Assault015_x264,529
Assault015_x264,1118
Assault016_x264,1057
Assault017_x264,318
Assault017_x264,905
Assault018_x264,68
Assault019_x264,998
Assault019_x264,1175
Assault020_x264,132
Assault020_x264,167
Assault022_x264,728
Assault023_x264,332
Assault023_x264,443
Assault023_x264,756
Assault023_x264,912
Assault024_x264,343
Assault024_x264,399
Assault025_x264,299
Assault025_x264,524
Assault026_x264,515
Assault027_x264,4131
Assault027_x264,5138
Assault028_x264,708
Assault028_x264,1115
Assault029_x264,322
Assault029_x264,428
Assault030_x264,932
Assault031_x264,218
Assault031_x264,349
Assault032_x264,75
Assault032_x264,224
Assault032_x264,456
Assault033_x264,808
Assault033_x264,966
Assault033_x264,1106
Assault034_x264,1589
Assault034_x264,2188
Assault035_x264,71
Assault035_x264,259
Assault035_x264,385
Assault035_x264,649
Assault036_x264,478
Assault036_x264,570
Assault036_x264,784
Assault037_x264,160
Assault037_x264,688
Assault037_x264,1280
Assault037_x264,1648
Assault037_x264,1984
Assault038_x264,56
Assault038_x264,88
Assault039_x264,138
Assault039_x264,231
Assault040_x264,830
Assault040_x264,1283
Assault040_x264,1774
Assault041_x264,4707
Assault042_x264,719
Assault044_x264,154
Assault044_x264,218
Assault044_x264,394
Assault045_x264,579
Assault045_x264,690
Assault045_x264,866
Assault046_x264,80
Assault046_x264,665
Assault047_x264,149
Assault047_x264,399
Assault048_x264,241
Assault048_x264,483
Assault048_x264,1317
Assault049_x264,288
Assault049_x264,380
Assault049_x264,636
Assault049_x264,1148
Assault050_x264,142
Assault051_x264,192
Assault051_x264,296
Assault051_x264,396
Assault052_x264,94
Assault052_x264,168
Assault052_x264,368
Burglary001_x264,317
Burglary001_x264,872
Burglary001_x264,1289
Burglary002_x264,336
Burglary002_x264,2765
Burglary003_x264,87
Burglary003_x264,216
Burglary003_x264,321
Burglary003_x264,484
Burglary003_x264,800
Burglary003_x264,934
Burglary003_x264,1086
Burglary004_x264,523
Burglary004_x264,666
Burglary004_x264,1136
Burglary004_x264,1394
Burglary006_x264,491
Burglary006_x264,3348
Burglary006_x264,7588
Burglary007_x264,980
Burglary008_x264,3291
Burglary009_x264,1004
Burglary009_x264,1259
Burglary010_x264,3200
Burglary010_x264,3699
Burglary010_x264,4315
Burglary011_x264,390
Burglary011_x264,1015
Burglary012_x264,856
Burglary012_x264,1195
Burglary012_x264,1517
Burglary013_x264,411
Burglary013_x264,1067
Burglary013_x264,1779
Burglary013_x264,1901
Burglary014_x264,934
Burglary014_x264,1651
Burglary014_x264,1945
Burglary015_x264,341
Burglary015_x264,453
Burglary015_x264,649
Burglary016_x264,498
Burglary019_x264,777
Burglary020_x264,329
Burglary020_x264,1351
Burglary020_x264,2537
Burglary022_x264,269
Burglary022_x264,722
Burglary022_x264,1316
Burglary023_x264,2881
Burglary025_x264,776
Burglary025_x264,3817
Burglary026_x264,190
Burglary026_x264,304
Burglary026_x264,1276
Burglary027_x264,2223
Burglary027_x264,2470
Burglary027_x264,2902
Burglary028_x264,141
Burglary028_x264,245
Burglary028_x264,306
Burglary028_x264,708
Burglary028_x264,892
Burglary029_x264,1602
Burglary029_x264,4256
Burglary030_x264,344
Burglary030_x264,456
Burglary030_x264,591
Burglary030_x264,734
Burglary031_x264,3753
Burglary034_x264,505
Burglary036_x264,178
Burglary036_x264,808
Burglary036_x264,937
Burglary038_x264,161
Burglary038_x264,421
Burglary039_x264,8279
Burglary040_x264,2278
Burglary040_x264,3873
Burglary041_x264,153
Burglary041_x264,325
Burglary041_x264,1699
Burglary042_x264,887
Burglary042_x264,1415
Burglary043_x264,293
Burglary043_x264,475
Burglary044_x264,1301
Burglary044_x264,2876
Burglary045_x264,10013
Burglary046_x264,434
Burglary047_x264,1169
Burglary047_x264,1692
Burglary047_x264,2050
Burglary047_x264,2408
Burglary048_x264,1062
Burglary048_x264,1376
Burglary049_x264,322
Burglary049_x264,2534
Burglary049_x264,8985
Burglary050_x264,272
Burglary051_x264,561
Burglary052_x264,1844
Burglary052_x264,6578
Burglary052_x264,7725
Burglary053_x264,342
Burglary053_x264,2904
Burglary054_x264,76
Burglary054_x264,127
Burglary054_x264,172
Burglary054_x264,266
Burglary055_x264,84
Burglary055_x264,700
Burglary055_x264,2198
Burglary055_x264,2660
Burglary056_x264,478
Burglary056_x264,718
Burglary056_x264,1126
Burglary056_x264,1295
Burglary057_x264,996
Burglary057_x264,1328
Burglary057_x264,4124
Burglary058_x264,11366
Burglary059_x264,75
Burglary059_x264,226
Burglary059_x264,356
Burglary060_x264,304
Burglary060_x264,443
Burglary062_x264,1349
Burglary062_x264,5792
Burglary063_x264,720
Burglary063_x264,1505
Burglary064_x264,17018
Burglary064_x264,22123
Burglary065_x264,4586
Burglary066_x264,1159
Burglary067_x264,157
Burglary067_x264,413
Burglary068_x264,360
Burglary069_x264,911
Burglary069_x264,1100
Burglary069_x264,1330
Burglary069_x264,2022
Burglary070_x264,54
Burglary070_x264,113
Burglary070_x264,219
Burglary070_x264,474
Burglary071_x264,677
Burglary072_x264,292
Burglary073_x264,2131
Burglary073_x264,2449
Burglary074_x264,611
Burglary074_x264,922
Burglary074_x264,1234
Burglary074_x264,1601
Burglary074_x264,1768
Burglary075_x264,1558
Burglary077_x264,666
Burglary077_x264,809
Burglary077_x264,1504
Burglary078_x264,72
Burglary078_x264,136
Burglary080_x264,195
Burglary080_x264,276
Burglary080_x264,362
Burglary080_x264,518
Burglary081_x264,230
Burglary081_x264,370
Burglary082_x264,166
Burglary082_x264,733
Burglary082_x264,1785
Burglary082_x264,2172
Burglary083_x264,322
Burglary083_x264,1086
Burglary083_x264,1879
Burglary083_x264,2671
Burglary083_x264,4051
Burglary083_x264,4697
Burglary084_x264,3948
Burglary085_x264,763
Burglary085_x264,1152
Burglary085_x264,1569
Burglary085_x264,1929
Burglary085_x264,2563
Burglary086_x264,96
Burglary086_x264,630
Burglary087_x264,1181
Burglary087_x264,1313
Burglary088_x264,899
Burglary088_x264,3550
Burglary088_x264,4085
Burglary089_x264,1371
Burglary089_x264,1872
Burglary089_x264,2424
Burglary090_x264,2022
Burglary091_x264,231
Burglary091_x264,678
Burglary091_x264,1424
Burglary091_x264,1970
Burglary091_x264,2550
Burglary091_x264,2782
Burglary093_x264,244
Burglary094_x264,864
Burglary095_x264,3251
Burglary095_x264,8331
Burglary096_x264,1391
Burglary096_x264,5199
Burglary096_x264,6392
Burglary097_x264,44
Burglary097_x264,145
Burglary097_x264,253
Burglary098_x264,116
Burglary098_x264,546
Burglary099_x264,146
Burglary099_x264,371
Burglary099_x264,737
Burglary100_x264,6689
Explosion001_x264,193
Explosion001_x264,299
Explosion003_x264,156
Explosion005_x264,275
Explosion005_x264,430
Explosion005_x264,629
Explosion006_x264,480
Explosion006_x264,1209
Explosion009_x264,342
Explosion009_x264,598
Explosion009_x264,718
Explosion009_x264,821
Explosion009_x264,913
Explosion012_x264,442
Explosion012_x264,644
Explosion014_x264,588
Explosion014_x264,729
Explosion014_x264,921
Explosion014_x264,1036
Explosion014_x264,1184
Explosion015_x264,114
Explosion015_x264,272
Explosion015_x264,334
Explosion015_x264,431
Explosion018_x264,91
Explosion018_x264,577
Explosion018_x264,1003
Explosion019_x264,198
Explosion023_x264,1148
Explosion023_x264,1914
Explosion023_x264,2146
Explosion024_x264,299
Explosion024_x264,942
Explosion026_x264,914
Explosion026_x264,1403
Explosion030_x264,1050
Explosion030_x264,1680
Explosion030_x264,2520
Explosion030_x264,2941
Explosion032_x264,179
Explosion032_x264,601
Explosion032_x264,971
Explosion032_x264,1277
Explosion032_x264,1562
Explosion032_x264,1911
Explosion034_x264,48
Explosion034_x264,112
Explosion037_x264,177
Explosion037_x264,556
Explosion038_x264,994
Explosion038_x264,1733
Explosion038_x264,2513
Explosion040_x264,980
Explosion040_x264,1687
Explosion041_x264,233
Explosion041_x264,963
Explosion041_x264,1499
Explosion041_x264,2008
Explosion041_x264,2476
Explosion042_x264,220
Explosion042_x264,495
Explosion042_x264,688
Explosion044_x264,147
Explosion044_x264,352
Explosion044_x264,453
Explosion044_x264,554
Explosion045_x264,109
Explosion045_x264,203
Explosion045_x264,492
Explosion045_x264,721
Explosion046_x264,29087
Explosion046_x264,54626
Explosion046_x264,88680
Explosion046_x264,129827
Explosion047_x264,1142
Explosion048_x264,29
Explosion048_x264,132
Explosion048_x264,347
Explosion050_x264,140
Explosion050_x264,191
Explosion051_x264,436
Explosion051_x264,802
Explosion051_x264,1971
Explosion051_x264,2562
Explosion052_x264,1349
Explosion052_x264,1842
Explosion052_x264,3246
Fighting002_x264,134
Fighting002_x264,510
Fighting002_x264,2499
Fighting004_x264,586
Fighting004_x264,14336
Fighting005_x264,1038
Fighting006_x264,287
Fighting006_x264,463
Fighting007_x264,170
Fighting007_x264,2313
Fighting007_x264,2635
Fighting007_x264,3318
Fighting008_x264,11086
Fighting009_x264,1819
Fighting010_x264,702
Fighting010_x264,2137
Fighting010_x264,3191
Fighting010_x264,4538
Fighting011_x264,2261
Fighting011_x264,6990
Fighting012_x264,163
Fighting013_x264,156
Fighting013_x264,356
Fighting013_x264,534
Fighting013_x264,1324
Fighting014_x264,493
Fighting014_x264,1317
Fighting014_x264,1975
Fighting014_x264,2493
Fighting014_x264,3316
Fighting015_x264,8878
Fighting016_x264,521
Fighting016_x264,1563
Fighting016_x264,1882
Fighting017_x264,103
Fighting017_x264,464
Fighting017_x264,1166
Fighting019_x264,800
Fighting019_x264,2112
Fighting020_x264,186
Fighting020_x264,328
Fighting021_x264,1243
Fighting021_x264,1651
Fighting021_x264,2735
Fighting022_x264,391
Fighting022_x264,1457
Fighting022_x264,3133
Fighting022_x264,4199
Fighting023_x264,348
Fighting023_x264,465
Fighting023_x264,691
Fighting024_x264,424
Fighting024_x264,3949
Fighting025_x264,1788
Fighting025_x264,4553
Fighting026_x264,558
Fighting026_x264,2825
Fighting027_x264,2784
Fighting027_x264,3244
Fighting028_x264,531
Fighting028_x264,1352
Fighting028_x264,2126
Fighting029_x264,655
Fighting030_x264,190
Fighting030_x264,896
Fighting030_x264,1512
Fighting031_x264,4091
Fighting031_x264,5350
Fighting031_x264,7418
Fighting032_x264,205
Fighting032_x264,597
Fighting032_x264,1108
Fighting032_x264,1281
Fighting034_x264,218
Fighting034_x264,2971
Fighting034_x264,5161
Fighting035_x264,187
Fighting035_x264,561
Fighting036_x264,604
Fighting036_x264,2548
Fighting036_x264,2813
Fighting036_x264,3587
Fighting037_x264,979
Fighting038_x264,432
Fighting038_x264,588
Fighting038_x264,660
Fighting039_x264,1022
Fighting039_x264,2760
Fighting039_x264,4464
Fighting040_x264,707
Fighting040_x264,997
Fighting040_x264,1995
Fighting041_x264,17555
Fighting041_x264,27678
Fighting043_x264,2148
Fighting043_x264,2587
Fighting044_x264,846
Fighting044_x264,3637
Fighting044_x264,4359
Fighting044_x264,4986
Fighting045_x264,915
Fighting045_x264,5372
Fighting046_x264,822
Fighting046_x264,1256
Fighting046_x264,2363
Fighting048_x264,3061
Fighting048_x264,6226
Fighting049_x264,629
Fighting049_x264,821
Fighting050_x264,8533
Fighting050_x264,12602
Fighting050_x264,15884
Fighting050_x264,23367
Fighting051_x264,1549
Fighting051_x264,2702
Fighting051_x264,4944
RoadAccidents003_x264,294
RoadAccidents005_x264,83
RoadAccidents006_x264,117
RoadAccidents006_x264,478
RoadAccidents006_x264,672
RoadAccidents006_x264,932
RoadAccidents007_x264,136
RoadAccidents007_x264,293
RoadAccidents008_x264,282
RoadAccidents008_x264,708
RoadAccidents013_x264,466
RoadAccidents013_x264,838
RoadAccidents013_x264,993
RoadAccidents013_x264,1512
RoadAccidents014_x264,2555
RoadAccidents014_x264,5290
RoadAccidents015_x264,262
RoadAccidents015_x264,638
RoadAccidents015_x264,772
RoadAccidents015_x264,907
RoadAccidents018_x264,112
RoadAccidents023_x264,227
RoadAccidents023_x264,1752
RoadAccidents023_x264,2663
RoadAccidents023_x264,3363
RoadAccidents024_x264,2404
RoadAccidents024_x264,2938
RoadAccidents024_x264,3472
RoadAccidents024_x264,4125
RoadAccidents024_x264,5075
RoadAccidents024_x264,5698
RoadAccidents025_x264,515
RoadAccidents025_x264,811
RoadAccidents025_x264,905
RoadAccidents026_x264,107
RoadAccidents026_x264,407
RoadAccidents027_x264,55
RoadAccidents028_x264,83
RoadAccidents028_x264,290
RoadAccidents029_x264,215
RoadAccidents029_x264,253
RoadAccidents030_x264,646
RoadAccidents030_x264,1120
RoadAccidents031_x264,1697
RoadAccidents032_x264,530
RoadAccidents033_x264,69
RoadAccidents033_x264,293
RoadAccidents034_x264,112
RoadAccidents034_x264,371
RoadAccidents034_x264,1097
RoadAccidents035_x264,44
RoadAccidents036_x264,301
RoadAccidents036_x264,524
RoadAccidents037_x264,674
RoadAccidents037_x264,1338
RoadAccidents038_x264,119
RoadAccidents039_x264,20
RoadAccidents039_x264,66
RoadAccidents040_x264,503
RoadAccidents040_x264,696
RoadAccidents040_x264,1326
RoadAccidents040_x264,1442
RoadAccidents041_x264,146
RoadAccidents041_x264,210
RoadAccidents042_x264,150
RoadAccidents042_x264,319
RoadAccidents042_x264,455
RoadAccidents043_x264,38
RoadAccidents043_x264,70
RoadAccidents044_x264,51
RoadAccidents046_x264,245
RoadAccidents047_x264,58
RoadAccidents048_x264,265
RoadAccidents048_x264,1836
RoadAccidents048_x264,2126
RoadAccidents049_x264,378
RoadAccidents050_x264,141
RoadAccidents050_x264,261
RoadAccidents051_x264,234
RoadAccidents052_x264,147
RoadAccidents053_x264,483
RoadAccidents053_x264,618
RoadAccidents054_x264,511
RoadAccidents054_x264,948
RoadAccidents055_x264,495
RoadAccidents055_x264,619
RoadAccidents055_x264,719
RoadAccidents056_x264,273
RoadAccidents056_x264,573
RoadAccidents057_x264,478
RoadAccidents057_x264,1716
RoadAccidents057_x264,1934
RoadAccidents058_x264,315
RoadAccidents059_x264,302
RoadAccidents059_x264,472
RoadAccidents060_x264,278
RoadAccidents061_x264,52
RoadAccidents061_x264,154
RoadAccidents061_x264,350
RoadAccidents062_x264,1004
RoadAccidents062_x264,3162
RoadAccidents063_x264,438
RoadAccidents063_x264,876
RoadAccidents063_x264,1857
RoadAccidents064_x264,202
RoadAccidents064_x264,488
RoadAccidents065_x264,93
RoadAccidents066_x264,672
RoadAccidents066_x264,1344
RoadAccidents067_x264,432
RoadAccidents067_x264,516
RoadAccidents067_x264,888
RoadAccidents067_x264,1110
RoadAccidents068_x264,177
RoadAccidents068_x264,310
RoadAccidents068_x264,559
RoadAccidents069_x264,72
RoadAccidents069_x264,124
RoadAccidents070_x264,389
RoadAccidents071_x264,31
RoadAccidents071_x264,240
RoadAccidents071_x264,380
RoadAccidents072_x264,118
RoadAccidents072_x264,224
RoadAccidents073_x264,207
RoadAccidents074_x264,1237
RoadAccidents075_x264,112
RoadAccidents076_x264,1370
RoadAccidents076_x264,1573
RoadAccidents076_x264,1859
RoadAccidents077_x264,748
RoadAccidents077_x264,915
RoadAccidents077_x264,1089
RoadAccidents077_x264,1231
RoadAccidents077_x264,1480
RoadAccidents078_x264,2111
RoadAccidents078_x264,3284
RoadAccidents079_x264,154
RoadAccidents079_x264,571
RoadAccidents080_x264,217
RoadAccidents080_x264,812
RoadAccidents080_x264,1049
RoadAccidents081_x264,562
RoadAccidents082_x264,618
RoadAccidents083_x264,278
RoadAccidents083_x264,509
RoadAccidents083_x264,953
RoadAccidents084_x264,453
RoadAccidents085_x264,511
RoadAccidents085_x264,1223
RoadAccidents085_x264,2357
RoadAccidents085_x264,2846
RoadAccidents086_x264,210
RoadAccidents087_x264,2064
RoadAccidents087_x264,4000
RoadAccidents088_x264,140
RoadAccidents088_x264,563
RoadAccidents088_x264,753
RoadAccidents089_x264,402
RoadAccidents089_x264,513
RoadAccidents090_x264,257
RoadAccidents090_x264,586
RoadAccidents090_x264,1554
RoadAccidents091_x264,1049
RoadAccidents092_x264,924
RoadAccidents093_x264,224
RoadAccidents094_x264,179
RoadAccidents094_x264,1039
RoadAccidents095_x264,725
RoadAccidents095_x264,1042
RoadAccidents096_x264,95
RoadAccidents096_x264,454
RoadAccidents097_x264,266
RoadAccidents098_x264,403
RoadAccidents098_x264,931
RoadAccidents099_x264,136
RoadAccidents099_x264,1069
RoadAccidents100_x264,108
RoadAccidents100_x264,168
RoadAccidents101_x264,194
RoadAccidents102_x264,15
RoadAccidents102_x264,146
RoadAccidents103_x264,324
RoadAccidents103_x264,480
RoadAccidents103_x264,967
RoadAccidents104_x264,1375
RoadAccidents104_x264,1965
RoadAccidents105_x264,289
RoadAccidents105_x264,557
RoadAccidents105_x264,943
RoadAccidents106_x264,393
RoadAccidents106_x264,596
RoadAccidents106_x264,1120
RoadAccidents106_x264,1406
RoadAccidents107_x264,306
RoadAccidents107_x264,591
RoadAccidents108_x264,1492
RoadAccidents108_x264,2227
RoadAccidents109_x264,60
RoadAccidents109_x264,2730
RoadAccidents110_x264,318
RoadAccidents111_x264,123
RoadAccidents111_x264,511
RoadAccidents112_x264,510
RoadAccidents112_x264,811
RoadAccidents113_x264,510
RoadAccidents114_x264,737
RoadAccidents115_x264,224
RoadAccidents115_x264,1600
RoadAccidents115_x264,1873
RoadAccidents116_x264,269
RoadAccidents116_x264,340
RoadAccidents116_x264,423
RoadAccidents117_x264,386
RoadAccidents117_x264,1544
RoadAccidents118_x264,475
RoadAccidents118_x264,590
RoadAccidents118_x264,753
RoadAccidents118_x264,921
RoadAccidents119_x264,465
RoadAccidents119_x264,720
RoadAccidents119_x264,1367
RoadAccidents119_x264,1605
RoadAccidents120_x264,164
RoadAccidents120_x264,410
RoadAccidents126_x264,152
RoadAccidents126_x264,638
RoadAccidents129_x264,159
RoadAccidents130_x264,126
RoadAccidents134_x264,99
RoadAccidents135_x264,312
RoadAccidents135_x264,738
RoadAccidents135_x264,978
RoadAccidents136_x264,201
RoadAccidents136_x264,1742
RoadAccidents137_x264,610
RoadAccidents138_x264,340
RoadAccidents138_x264,446
RoadAccidents138_x264,753
RoadAccidents139_x264,1579
RoadAccidents139_x264,1924
RoadAccidents139_x264,2161
RoadAccidents140_x264,186
RoadAccidents141_x264,170
RoadAccidents141_x264,590
RoadAccidents141_x264,1744
RoadAccidents142_x264,1036
RoadAccidents142_x264,2937
RoadAccidents143_x264,404
RoadAccidents143_x264,836
RoadAccidents144_x264,60
RoadAccidents144_x264,159
RoadAccidents145_x264,146
RoadAccidents145_x264,461
RoadAccidents146_x264,908
RoadAccidents146_x264,1022
RoadAccidents147_x264,3654
RoadAccidents147_x264,5243
RoadAccidents148_x264,7850
RoadAccidents149_x264,148
RoadAccidents150_x264,773
RoadAccidents151_x264,212
RoadAccidents151_x264,624
Robbery001_x264,448
Robbery001_x264,517
Robbery001_x264,746
Robbery002_x264,784
Robbery002_x264,1056
Robbery003_x264,292
Robbery003_x264,624
Robbery003_x264,946
Robbery004_x264,258
Robbery004_x264,425
Robbery004_x264,562
Robbery005_x264,454
Robbery005_x264,688
Robbery005_x264,2229
Robbery006_x264,1272
Robbery006_x264,1696
Robbery006_x264,2323
Robbery007_x264,1249
Robbery007_x264,1587
Robbery008_x264,778
Robbery008_x264,1308
Robbery008_x264,1940
Robbery008_x264,2086
Robbery009_x264,1232
Robbery009_x264,1552
Robbery009_x264,2752
Robbery010_x264,1543
Robbery010_x264,1818
Robbery010_x264,2643
Robbery010_x264,2842
Robbery011_x264,242
Robbery011_x264,460
Robbery011_x264,1203
Robbery011_x264,1325
Robbery011_x264,1454
Robbery012_x264,655
Robbery013_x264,508
Robbery014_x264,4197
Robbery014_x264,5266
Robbery015_x264,136
Robbery015_x264,478
Robbery016_x264,873
Robbery016_x264,1153
Robbery017_x264,3046
Robbery018_x264,1689
Robbery018_x264,1933
Robbery019_x264,432
Robbery019_x264,1008
Robbery019_x264,1987
Robbery019_x264,3024
Robbery020_x264,2156
Robbery020_x264,2464
Robbery021_x264,1559
Robbery021_x264,5171
Robbery022_x264,385
Robbery022_x264,2119
Robbery022_x264,2435
Robbery022_x264,3293
Robbery023_x264,253
Robbery023_x264,469
Robbery024_x264,643
Robbery024_x264,1394
Robbery025_x264,429
Robbery025_x264,728
Robbery025_x264,1354
Robbery026_x264,1310
Robbery026_x264,4520
Robbery026_x264,7731
Robbery027_x264,3909
Robbery027_x264,4448
Robbery028_x264,198
Robbery028_x264,1284
Robbery029_x264,293
Robbery029_x264,565
Robbery029_x264,750
Robbery029_x264,881
Robbery029_x264,1240
Robbery029_x264,1806
Robbery030_x264,577
Robbery030_x264,814
Robbery030_x264,1790
Robbery031_x264,66
Robbery031_x264,264
Robbery031_x264,408
Robbery031_x264,811
Robbery031_x264,965
Robbery032_x264,1267
Robbery032_x264,2102
Robbery032_x264,4556
Robbery033_x264,113
Robbery033_x264,405
Robbery033_x264,585
Robbery033_x264,835
Robbery034_x264,821
Robbery034_x264,2780
Robbery034_x264,3918
Robbery035_x264,3282
Robbery035_x264,4260
Robbery036_x264,646
Robbery036_x264,4034
Robbery037_x264,1613
Robbery037_x264,5668
Robbery038_x264,437
Robbery038_x264,629
Robbery038_x264,948
Robbery038_x264,1158
Robbery039_x264,20
Robbery039_x264,125
Robbery039_x264,243
Robbery039_x264,496
Robbery040_x264,114
Robbery041_x264,95
Robbery041_x264,877
Robbery041_x264,1264
Robbery042_x264,75
Robbery042_x264,1263
Robbery042_x264,1479
Robbery042_x264,2019
Robbery043_x264,46
Robbery043_x264,286
Robbery043_x264,624
Robbery043_x264,783
Robbery044_x264,208
Robbery045_x264,1081
Robbery045_x264,1381
Robbery045_x264,1647
Robbery046_x264,309
Robbery047_x264,235
Robbery047_x264,1117
Robbery049_x264,580
Robbery049_x264,816
Robbery049_x264,1859
Robbery051_x264,340
Robbery051_x264,483
Robbery051_x264,1188
Robbery051_x264,1425
Robbery052_x264,558
Robbery052_x264,774
Robbery053_x264,921
Robbery053_x264,1577
Robbery054_x264,344
Robbery054_x264,1495
Robbery055_x264,810
Robbery055_x264,1811
Robbery055_x264,3766
Robbery055_x264,8296
Robbery056_x264,344
Robbery056_x264,1004
Robbery057_x264,1061
Robbery057_x264,1758
Robbery058_x264,776
Robbery058_x264,1517
Robbery059_x264,2556
Robbery059_x264,4486
Robbery059_x264,7139
Robbery060_x264,377
Robbery060_x264,712
Robbery061_x264,644
Robbery061_x264,1784
Robbery061_x264,2208
Robbery062_x264,234
Robbery062_x264,1494
Robbery062_x264,2232
Robbery063_x264,649
Robbery064_x264,556
Robbery064_x264,767
Robbery064_x264,1274
Robbery065_x264,691
Robbery065_x264,1370
Robbery065_x264,2276
Robbery066_x264,357
Robbery066_x264,2932
Robbery067_x264,816
Robbery067_x264,2290
Robbery068_x264,316
Robbery069_x264,154
Robbery069_x264,619
Robbery070_x264,92
Robbery070_x264,216
Robbery070_x264,288
Robbery070_x264,463
Robbery070_x264,561
Robbery071_x264,364
Robbery071_x264,613
Robbery072_x264,334
Robbery072_x264,515
Robbery073_x264,4052
Robbery073_x264,7016
Robbery074_x264,301
Robbery074_x264,392
Robbery075_x264,218
Robbery075_x264,451
Robbery076_x264,49
Robbery076_x264,303
Robbery076_x264,526
Robbery077_x264,357
Robbery077_x264,585
Robbery078_x264,996
Robbery078_x264,1572
Robbery079_x264,268
Robbery080_x264,49
Robbery080_x264,1564
Robbery080_x264,1946
Robbery080_x264,2291
Robbery081_x264,987
Robbery081_x264,2853
Robbery082_x264,109
Robbery082_x264,603
Robbery082_x264,878
Robbery082_x264,1230
Robbery083_x264,124
Robbery084_x264,594
Robbery084_x264,1061
Robbery084_x264,2138
Robbery085_x264,973
Robbery085_x264,1712
Robbery086_x264,288
Robbery086_x264,1152
Robbery087_x264,277
Robbery088_x264,1628
Robbery088_x264,2312
Robbery088_x264,4012
Robbery089_x264,104
Robbery089_x264,122
Robbery089_x264,163
Robbery089_x264,209
Robbery090_x264,268
Robbery090_x264,1005
Robbery090_x264,2044
Robbery090_x264,3486
Robbery091_x264,723
Robbery091_x264,1304
Robbery091_x264,1646
Robbery092_x264,398
Robbery093_x264,81
Robbery093_x264,391
Robbery094_x264,298
Robbery094_x264,876
Robbery095_x264,468
Robbery095_x264,586
Robbery095_x264,886
Robbery096_x264,1451
Robbery097_x264,1502
Robbery097_x264,1750
Robbery097_x264,2404
Robbery098_x264,10402
Robbery099_x264,288
Robbery099_x264,920
Robbery099_x264,1200
Robbery100_x264,4144
Robbery101_x264,1297
Robbery101_x264,2213
Robbery101_x264,2945
Robbery103_x264,1370
Robbery103_x264,1795
Robbery104_x264,418
Robbery104_x264,1194
Robbery105_x264,1085
Robbery105_x264,1373
Robbery105_x264,1484
Robbery107_x264,1486
Robbery107_x264,1629
Robbery108_x264,106
Robbery108_x264,1039
Robbery109_x264,771
Robbery109_x264,1527
Robbery109_x264,1799
Robbery109_x264,2358
Robbery109_x264,2918
Robbery110_x264,1195
Robbery110_x264,1653
Robbery110_x264,1920
Robbery110_x264,2086
Robbery111_x264,1167
Robbery111_x264,1993
Robbery111_x264,3246
Robbery111_x264,3844
Robbery112_x264,714
Robbery112_x264,1040
Robbery113_x264,196
Robbery113_x264,268
Robbery114_x264,712
Robbery114_x264,877
Robbery115_x264,182
Robbery115_x264,319
Robbery115_x264,1167
Robbery116_x264,268
Robbery116_x264,376
Robbery117_x264,520
Robbery117_x264,974
Robbery117_x264,2704
Robbery118_x264,156
Robbery118_x264,712
Robbery118_x264,1044
Robbery119_x264,336
Robbery119_x264,718
Robbery119_x264,886
Robbery119_x264,1375
Robbery120_x264,302
Robbery120_x264,384
Robbery120_x264,652
Robbery121_x264,20
Robbery121_x264,403
Robbery121_x264,563
Robbery121_x264,807
Robbery122_x264,143
Robbery122_x264,276
Robbery122_x264,634
Robbery122_x264,824
Robbery123_x264,653
Robbery124_x264,5349
Robbery125_x264,4702
Robbery125_x264,5197
Robbery125_x264,5728
Robbery126_x264,776
Robbery126_x264,1101
Robbery126_x264,1404
Robbery127_x264,386
Robbery127_x264,530
Robbery128_x264,856
Robbery128_x264,6064
Robbery129_x264,145
Robbery130_x264,383
Robbery130_x264,857
Robbery130_x264,1176
Robbery130_x264,1723
Robbery131_x264,1000
Robbery131_x264,1188
Robbery132_x264,252
Robbery132_x264,498
Robbery132_x264,577
Robbery133_x264,346
Robbery133_x264,674
Robbery133_x264,1101
Robbery134_x264,365
Robbery134_x264,480
Robbery135_x264,639
Robbery135_x264,1000
Robbery135_x264,1197
Robbery135_x264,2607
Robbery135_x264,3115
Robbery136_x264,673
Robbery136_x264,1048
Robbery138_x264,142
Robbery139_x264,248
Robbery140_x264,480
Robbery141_x264,2460
Robbery141_x264,3531
Robbery142_x264,187
Robbery142_x264,586
Robbery142_x264,2059
Robbery143_x264,477
Robbery143_x264,593
Robbery144_x264,680
Robbery144_x264,756
Robbery145_x264,172
Robbery146_x264,318
Robbery146_x264,554
Robbery146_x264,799
Robbery146_x264,1068
Robbery146_x264,1256
Robbery147_x264,77
Robbery147_x264,311
Robbery147_x264,436
Robbery148_x264,414
Robbery148_x264,1332
Robbery148_x264,3222
Robbery149_x264,224
Robbery149_x264,312
Robbery149_x264,611
Robbery150_x264,1219
Robbery150_x264,3529
Shooting001_x264,76
Shooting001_x264,183
Shooting001_x264,223
Shooting003_x264,727
Shooting003_x264,1340
Shooting003_x264,2112
Shooting005_x264,1012
Shooting005_x264,1491
Shooting005_x264,2317
Shooting005_x264,4182
Shooting006_x264,915
Shooting006_x264,4052
Shooting006_x264,5882
Shooting006_x264,8170
Shooting006_x264,11176
Shooting009_x264,3451
Shooting012_x264,982
Shooting012_x264,1319
Shooting014_x264,1216
Shooting014_x264,6080
Shooting017_x264,78
Shooting017_x264,677
Shooting020_x264,585
Shooting020_x264,3663
Shooting023_x264,162
Shooting023_x264,255
Shooting023_x264,336
Shooting025_x264,660
Shooting025_x264,1383
Shooting025_x264,1897
Shooting027_x264,42
Shooting027_x264,197
Shooting029_x264,74
Shooting029_x264,775
Shooting029_x264,911
Shooting029_x264,1156
Shooting030_x264,39
Shooting030_x264,397
Shooting030_x264,573
Shooting030_x264,766
Shooting030_x264,1096
Shooting031_x264,1488
Shooting031_x264,1636
Shooting036_x264,305
Shooting036_x264,1873
Shooting036_x264,2715
Shooting036_x264,3537
Shooting038_x264,330
Shooting039_x264,714
Shooting040_x264,80
Shooting040_x264,500
Shooting041_x264,309
Shooting041_x264,522
Shooting041_x264,777
Shooting042_x264,368
Shooting042_x264,1205
Shooting044_x264,204
Shooting044_x264,408
Shooting050_x264,286
Shooting050_x264,1108
Shooting051_x264,341
Shooting051_x264,452
Shooting051_x264,1176
Shooting052_x264,1388
Shooting052_x264,2442
Shooting052_x264,2942
Shooting052_x264,5024
Shooting053_x264,164
Shooting053_x264,314
Shooting053_x264,410
Shooting053_x264,510
Shooting054_x264,147
Shooting054_x264,244
Shoplifting003_x264,432
Shoplifting006_x264,283
Shoplifting006_x264,1323
Shoplifting006_x264,2048
Shoplifting008_x264,2985
Shoplifting008_x264,6684
Shoplifting009_x264,1456
Shoplifting012_x264,3279
Shoplifting012_x264,5270
Shoplifting012_x264,7964
Shoplifting012_x264,9369
Shoplifting012_x264,11009
Shoplifting013_x264,282
Shoplifting013_x264,665
Shoplifting013_x264,997
Shoplifting014_x264,8669
Shoplifting014_x264,15338
Shoplifting014_x264,33677
Shoplifting014_x264,40679
Shoplifting018_x264,1053
Shoplifting018_x264,1308
Shoplifting018_x264,1957
Shoplifting019_x264,305
Shoplifting019_x264,347
Shoplifting019_x264,436
Shoplifting024_x264,342
Shoplifting025_x264,227
Shoplifting025_x264,401
Shoplifting025_x264,729
Shoplifting025_x264,1121
Shoplifting026_x264,77
Shoplifting026_x264,211
Shoplifting030_x264,8104
Shoplifting032_x264,277
Shoplifting032_x264,704
Shoplifting032_x264,1018
Shoplifting036_x264,984
Shoplifting036_x264,1477
Shoplifting036_x264,2735
Shoplifting036_x264,3556
Shoplifting038_x264,1375
Shoplifting038_x264,1723
Shoplifting038_x264,2519
Shoplifting040_x264,21080
Shoplifting041_x264,1170
Shoplifting041_x264,2094
Shoplifting041_x264,4188
Shoplifting041_x264,5544
Shoplifting042_x264,307
Shoplifting042_x264,2611
Shoplifting043_x264,3088
Shoplifting043_x264,4656
Shoplifting043_x264,7460
Shoplifting045_x264,897
Shoplifting045_x264,1354
Shoplifting047_x264,520
Shoplifting047_x264,1089
Shoplifting047_x264,1420
Shoplifting047_x264,2166
Shoplifting048_x264,543
Shoplifting048_x264,1381
Shoplifting050_x264,336
Shoplifting050_x264,1772
Shoplifting051_x264,2236
Shoplifting052_x264,1259
Shoplifting052_x264,4808
Shoplifting053_x264,838
Shoplifting053_x264,1079
Shoplifting054_x264,609
Shoplifting054_x264,675
Shoplifting055_x264,3384
Shoplifting055_x264,6328
Stealing002_x264,648
Stealing002_x264,1103
Stealing002_x264,1541
Stealing002_x264,2295
Stealing003_x264,303
Stealing003_x264,1908
Stealing004_x264,232
Stealing004_x264,6341
Stealing006_x264,1447
Stealing006_x264,2990
Stealing007_x264,494
Stealing007_x264,2007
Stealing007_x264,2377
Stealing007_x264,2918
Stealing008_x264,2929
Stealing008_x264,4557
Stealing009_x264,1280
Stealing009_x264,1496
Stealing010_x264,544
Stealing010_x264,1103
Stealing010_x264,2676
Stealing011_x264,2969
Stealing011_x264,3322
Stealing012_x264,986
Stealing012_x264,1608
Stealing012_x264,1879
Stealing013_x264,1017
Stealing013_x264,4808
Stealing013_x264,5872
Stealing013_x264,6843
Stealing014_x264,638
Stealing014_x264,1696
Stealing014_x264,3007
Stealing015_x264,465
Stealing015_x264,698
Stealing015_x264,1048
Stealing015_x264,1612
Stealing016_x264,660
Stealing016_x264,1089
Stealing017_x264,131
Stealing017_x264,280
Stealing017_x264,505
Stealing017_x264,1450
Stealing018_x264,1290
Stealing018_x264,1536
Stealing020_x264,1911
Stealing020_x264,5504
Stealing021_x264,2570
Stealing021_x264,2940
Stealing021_x264,3680
Stealing022_x264,293
Stealing022_x264,648
Stealing022_x264,1995
Stealing022_x264,2423
Stealing023_x264,2916
Stealing024_x264,172
Stealing024_x264,973
Stealing024_x264,1823
Stealing025_x264,3053
Stealing025_x264,15265
Stealing025_x264,17555
Stealing026_x264,1802
Stealing026_x264,2242
Stealing027_x264,1694
Stealing028_x264,387
Stealing028_x264,800
Stealing028_x264,1249
Stealing029_x264,206
Stealing030_x264,145
Stealing030_x264,374
Stealing030_x264,499
Stealing030_x264,603
Stealing030_x264,715
Stealing031_x264,203
Stealing031_x264,412
Stealing031_x264,557
Stealing032_x264,1240
Stealing032_x264,3181
Stealing035_x264,5854
Stealing037_x264,2746
Stealing037_x264,3267
Stealing042_x264,482
Stealing043_x264,456
Stealing043_x264,1392
Stealing043_x264,1824
Stealing043_x264,3624
Stealing044_x264,224
Stealing044_x264,2880
Stealing045_x264,3090
Stealing045_x264,6287
Stealing045_x264,7459
Stealing046_x264,927
Stealing046_x264,7315
Stealing046_x264,8500
Stealing047_x264,154
Stealing047_x264,557
Stealing047_x264,853
Stealing048_x264,2076
Stealing048_x264,3889
Stealing048_x264,5475
Stealing048_x264,6230
Stealing049_x264,110
Stealing049_x264,632
Stealing049_x264,1265
Stealing050_x264,468
Stealing050_x264,2608
Stealing050_x264,2942
Stealing051_x264,665
Stealing051_x264,1397
Stealing051_x264,2795
Stealing051_x264,3028
Stealing052_x264,218
Stealing052_x264,840
Stealing052_x264,1864
Stealing052_x264,2990
Stealing053_x264,11162
Stealing054_x264,1766
Stealing055_x264,48
Stealing055_x264,549
Stealing055_x264,1317
Stealing057_x264,345
Stealing057_x264,631
Stealing057_x264,2692
Stealing059_x264,822
Stealing059_x264,1301
Stealing059_x264,1734
Stealing059_x264,2068
Stealing060_x264,585
Stealing060_x264,676
Stealing061_x264,444
Stealing061_x264,900
Stealing061_x264,1392
Stealing061_x264,1788
Stealing061_x264,2064
Stealing063_x264,1853
Stealing063_x264,3591
Stealing065_x264,1368
Stealing065_x264,2599
Stealing065_x264,5171
Stealing066_x264,224
Stealing066_x264,396
Stealing066_x264,876
Stealing067_x264,953
Stealing067_x264,1131
Stealing068_x264,2020
Stealing068_x264,4074
Stealing068_x264,6265
Stealing069_x264,436
Stealing069_x264,512
Stealing070_x264,544
Stealing070_x264,853
Stealing070_x264,1263
Stealing071_x264,158
Stealing071_x264,264
Stealing071_x264,441
Stealing072_x264,7424
Stealing072_x264,8874
Stealing072_x264,9976
Stealing073_x264,98
Stealing073_x264,1398
Stealing074_x264,1368
Stealing074_x264,1572
Stealing074_x264,1800
Stealing074_x264,2136
Stealing075_x264,814
Stealing075_x264,2302
Stealing075_x264,2836
Stealing077_x264,15443
Stealing077_x264,16690
Stealing078_x264,450
Stealing078_x264,759
Stealing078_x264,1932
Stealing080_x264,506
Stealing080_x264,660
Stealing081_x264,174
Stealing081_x264,586
Stealing081_x264,698
Stealing081_x264,1085
Stealing082_x264,806
Stealing082_x264,1318
Stealing083_x264,1303
Stealing083_x264,3844
Stealing084_x264,6133
Stealing084_x264,7706
Stealing086_x264,3719
Stealing086_x264,12156
Stealing087_x264,295
Stealing087_x264,665
Stealing087_x264,2661
Stealing087_x264,3696
Stealing087_x264,4065
Stealing087_x264,4706
Stealing088_x264,3083
Stealing088_x264,5139
Stealing088_x264,6102
Stealing088_x264,7708
Stealing088_x264,9057
Stealing088_x264,12269
Stealing089_x264,1486
Stealing089_x264,2262
Stealing089_x264,3619
Stealing089_x264,4718
Stealing089_x264,5817
Stealing089_x264,7368
Stealing089_x264,12410
Stealing091_x264,248
Stealing091_x264,358
Stealing092_x264,2030
Stealing092_x264,7309
Stealing092_x264,8866
Stealing092_x264,10152
Stealing092_x264,11708
Stealing093_x264,401
Stealing093_x264,863
Stealing093_x264,1094
Stealing094_x264,563
Stealing094_x264,1030
Stealing094_x264,1710
Stealing094_x264,2138
Stealing095_x264,379
Stealing095_x264,585
Stealing096_x264,1784
Stealing096_x264,5022
Stealing097_x264,210
Stealing097_x264,482
Stealing098_x264,1434
Stealing098_x264,2557
Stealing098_x264,2972
Stealing100_x264,7365
Stealing100_x264,11201
Stealing101_x264,1706
Stealing102_x264,680
Stealing102_x264,881
Stealing103_x264,4305
Stealing103_x264,5578
Stealing104_x264,1066
Stealing104_x264,1473
Stealing104_x264,1709
Stealing104_x264,2383
Stealing104_x264,2900
Stealing105_x264,138
Stealing105_x264,380
Stealing106_x264,1132
Stealing107_x264,584
Stealing107_x264,1371
Stealing107_x264,1843
Stealing107_x264,2427
Stealing108_x264,3833
Stealing109_x264,4767
Stealing109_x264,8496
Stealing110_x264,139
Stealing110_x264,305
Stealing110_x264,549
Stealing110_x264,1438
Stealing110_x264,1595
Stealing111_x264,799
Stealing111_x264,1058
Stealing111_x264,4327
Stealing112_x264,1320
Stealing113_x264,384
Stealing113_x264,619
Stealing114_x264,1021
Vandalism001_x264,249
Vandalism001_x264,455
Vandalism001_x264,1253
Vandalism002_x264,1030
Vandalism002_x264,1205
Vandalism002_x264,1490
Vandalism002_x264,1711
Vandalism003_x264,473
Vandalism003_x264,596
Vandalism004_x264,633
Vandalism004_x264,2407
Vandalism005_x264,646
Vandalism006_x264,252
Vandalism006_x264,376
Vandalism006_x264,744
Vandalism008_x264,3269
Vandalism009_x264,426
Vandalism009_x264,1272
Vandalism010_x264,708
Vandalism010_x264,2145
Vandalism010_x264,2892
Vandalism011_x264,1618
Vandalism011_x264,5228
Vandalism011_x264,10767
Vandalism012_x264,366
Vandalism012_x264,461
Vandalism013_x264,2000
Vandalism013_x264,2249
Vandalism014_x264,158
Vandalism014_x264,189
Vandalism014_x264,212
Vandalism014_x264,245
Vandalism016_x264,2119
Vandalism016_x264,2526
Vandalism016_x264,4936
Vandalism018_x264,610
Vandalism018_x264,3969
Vandalism019_x264,894
Vandalism019_x264,1097
Vandalism020_x264,597
Vandalism021_x264,918
Vandalism021_x264,1156
Vandalism022_x264,2567
Vandalism022_x264,3057
Vandalism023_x264,5564
Vandalism024_x264,411
Vandalism024_x264,719
Vandalism024_x264,863
Vandalism025_x264,1205
Vandalism025_x264,1657
Vandalism026_x264,432
Vandalism026_x264,504
Vandalism026_x264,681
Vandalism027_x264,230
Vandalism029_x264,210
Vandalism030_x264,462
Vandalism030_x264,1196
Vandalism030_x264,1338
Vandalism031_x264,349
Vandalism031_x264,582
Vandalism032_x264,252
Vandalism033_x264,642
Vandalism034_x264,1430
Vandalism035_x264,100
Vandalism035_x264,284
Vandalism035_x264,597
Vandalism037_x264,376
Vandalism037_x264,1097
Vandalism037_x264,2286
Vandalism038_x264,112
Vandalism038_x264,943
Vandalism038_x264,2647
Vandalism039_x264,613
Vandalism040_x264,839
Vandalism040_x264,967
Vandalism041_x264,3818
Vandalism042_x264,501
Vandalism042_x264,2007
Vandalism043_x264,145
Vandalism043_x264,1422
Vandalism044_x264,826
Vandalism044_x264,2847
Vandalism044_x264,3214
Vandalism044_x264,3880
Vandalism045_x264,2110
Vandalism045_x264,3416
Vandalism045_x264,3960
Vandalism046_x264,649
Vandalism046_x264,1100
Vandalism047_x264,1016
Vandalism047_x264,1413
Vandalism047_x264,2256
Vandalism048_x264,3655
Vandalism049_x264,2195
Vandalism049_x264,4151
Vandalism049_x264,5149
Vandalism050_x264,206
Vandalism050_x264,407
Vandalism050_x264,470
